gene_group,CP1,CP3,CP4,CP5,CP6,CP7,CP8,Seafield
aac(3)-I_1_AJ877225,0.0,29.35374,0.0,36.41902,2.40914,10.44301,20.17039,29.47549
aac(3)-Ia_1_X15852,8.30881,31.89019,7.02658,49.3089,5.50686,14.03017,24.73817,41.3076
aac(3)-Ib_1_L06157,51.52712,47.49352,1.24699,13.99149,13.97678,31.6156,38.06324,0.0
aac(3)-Ib-aac(6_)-Ib__1_AF355189,6.0336,1.94023,0.0,0.0,0.0,1.10442,2.10311,0.0
aac(3)-Ic_1_AJ511268,0.0,0.0,0.0,0.0,1.18923,1.76742,0.0,0.0
aac(3)-IIa_4_L22613,99.97203,28.98846,17.43179,951.20903,42.93649,266.85033,208.66258,18.9036
aac(3)-IIb_1_M97172,11.32049,0.0,1.63494,0.0,2.76605,2.39802,0.0,0.0
aac(3)-IIIb_2_LLLC01000048,126.17946,15.40683,15.003,30.56341,66.01921,48.72624,57.21534,0.0
aac(3)-IIIc_1_L06161,86.62525,18.36439,11.91172,18.03609,32.67402,26.20698,40.88866,0.0
aac(3)-IVa_1_X01385,0.0,0.0,0.0,0.0,0.0,0.0,0.0,0.36433
aac(6_)-30-aac(6_)-Ib__1_AJ584652,6.89286,1083.81965,1.90081,62.7647,6.81004,6.46623,59.15806,0.0
aac(6_)-31_1_AM283489,56.70801,55.35438,6.37911,11.78882,5.66602,6.14853,13.99923,0.0
aac(6_)-32_1_EF614235,0.0,0.0,0.0,0.0,0.67282,0.41665,1.34879,0.0
aac(6_)-aph(2__)_1_M13771,8.45415,2.95443,1.82411,8.05131,4.91846,10.41527,8.37009,0.0
aac(6_)-Ib-cr_1_DQ303918,1.17578,43.03644,13.84966,342.28918,37.69162,129.52483,322.19043,0.0
aac(6_)-Ib-Suzhou_1_EU085533,120.25517,1966.62524,42.31476,505.16482,34.89546,170.37656,567.09609,0.0
aac(6_)-If_1_X55353,0.0,0.0,0.0,0.0,0.0,0.0,1.21473,0.0
aac(6_)-Ii_1_L12710,0.0,0.0,0.53605,11.27729,15.98417,0.0,0.0,0.0
aac(6_)-IIa_1_M29695,19.36426,7.65137,2.25357,5.51207,7.06465,77.16268,15.39204,0.0
aac(6_)-Im_1_AF337947,0.0,0.0,0.0,0.0,0.0,1.20571,0.0,0.0
aac(6_)-Iz_1_AF140221,0.0,0.0,0.0,0.0,0.0,0.0,3.43122,0.0
aadA10_1_U37105,1.5369,1.97435,2.73471,7.24887,1.5671,2.10721,0.52798,7.27555
aadA11_1_AY144590,124.71104,81.62007,51.64048,115.4855,30.93333,55.36531,65.58024,48.15585
aadA13_2_NC010643,3.45957,12.92349,2.3971,4.83761,7.60405,3.12954,3.0901,3.22042
aadA15_1_DQ393783,2.74924,38.77337,5.12862,50.68199,4.73279,11.3714,24.66794,5.42859
aadA16_1_EU675686,2.68056,0.0,0.0,1.37755,0.0,3.82663,0.0,1.60323
aadA4_1_Z50802,46.36223,7.13957,3.63666,12.5551,13.84342,3.86862,16.63132,1.99048
aadA7_1_AF224733,0.0,0.0,1.38294,6.57185,0.0,0.92727,0.0,0.0
aadA8b_1_AY139603,45.82913,2.83829,9.91623,16.42325,3.29261,7.45671,25.293,2.24802
aadD_1_AF181950,0.0,0.0,0.0,0.0,0.0,0.0,0.0,0.55879
ampS_1_X80276,0.0,0.0,1.4807,4.48939,0.0,1.16346,1.55088,5.6121
ant(2__)-Ia_5_AY139594,429.10371,982.1855,123.17177,603.57369,1356.26028,958.55538,2059.37018,4.94622
ant(3__)-Ia_1_X02340,71.97034,276.03906,14.49497,176.88704,49.51046,73.79634,128.38703,6.71997
ant(3__)-Ii-aac(6_)-IId_1_AF453998,52.69885,66.58515,12.05065,12.16584,8.14839,17.14351,25.05379,0.0
ant(6)-Ia_2_KF421157,3.82295,0.0,0.0,0.0,0.0,0.0,1.3251,0.41311
ant(6)-Ia_3_KF864551,39.2913,8.2965,3.22463,3.23445,5.27608,28.7514,7.82148,0.9057
ant(6)-Ia_5_AB247327,0.48811,0.95339,0.0,8.81428,1.48915,1.93334,0.62975,0.0
ant(6)-Ib_1_FN594949,0.0,0.40403,0.0,0.0,0.0,1.23974,0.0,0.0
ant(9)-Ia_1_X02588,0.0,0.0,0.0,0.18605,0.0,0.0,0.0,0.0
aph(2__)-Id_1_AF016483,0.0,0.0,0.0,0.0,0.0,0.0,0.0,1.41826
aph(2__)-If_1_KF652097,0.0,0.0,0.0,0.0,0.0,0.0,2.07219,0.0
aph(3__)-Ib_1_M28829,90.62662,48.55954,20.086,261.54656,70.94466,79.32271,92.72321,33.69524
aph(3_)-Ia_2_EU287476,102.70608,284.52367,38.85993,178.3461,408.76846,209.75786,177.269,1.70591
aph(3_)-Ib_2_AJ744860,1.93329,0.0,0.0,0.0,0.0,1.53025,0.70152,0.0
aph(3_)-IIa_2_V00618,3.41062,2.23472,3.97939,1.14525,4.69707,0.8726,2.32632,0.0
aph(3_)-IIb_1_X90856,0.0,5.47687,0.0,1.08309,0.0,0.0,0.0,0.0
aph(3_)-IIc_1_AM743169,0.0,0.79948,0.0,0.0,0.0,0.0,0.0,0.0
aph(3_)-III_1_M26832,1.17821,2.45274,0.64781,9.0704,3.28795,5.70096,1.77244,0.35917
aph(3_)-VI_1_KC170992,3.91863,18.27709,0.42446,0.5136,0.71811,24.72468,4.34694,0.86944
aph(3_)-XV_2_GQ626879,0.0,0.65079,1.88765,0.45581,0.0,0.0,0.0,0.0
aph(6)-Ic_1_X01702,5.72384,5.24741,0.0,3.77376,0.0,2.65592,3.79319,0.0
aph(6)-Id_2_AF024602,176.37927,104.23454,36.52218,542.84383,144.88907,148.31322,199.62756,69.3366
ARR-3_4_FM207631,1.72501,0.5586,0.33873,0.0,0.60173,11.49803,2.6761,0.0
ARR-6_3_JF922883,5.98552,0.28696,0.0,0.72356,2.576,44.61414,10.30375,0.0
blaACI-1_1_AJ007350,43.53296,3.04082,0.0,0.0,15.83202,2.97499,4.37764,0.0
blaACT-14_1_JX440354,0.0,0.0,0.0,0.0,0.0,0.0,0.0,0.0
blaACT-6_1_FJ237366,14.67802,0.0,0.0,0.0,6.72456,9.77193,0.0,0.0
blaACT-9_1_HQ693810,0.0,0.0,0.0,0.0,0.0,8.45648,0.0,0.0
blaADC-25_1_EF016355,0.0,0.0,0.0,0.0,0.52674,0.0,0.0,0.99147
blaAER-1_1_U14748,0.0,1.04186,0.0,0.0,0.0,0.0,0.0,1.17026
blaBEL-2_1_FJ666063,0.0,20.14009,2.84964,0.0,5.42376,0.0,7.39067,0.0
blaBKC-1_1_KP689347,114.5598,21.25186,34.79459,169.25953,11.44631,51.30441,125.97821,0.0
blaCARB-16_1_HF953351,3.46247,0.0,0.0,0.0,0.0,34.95639,3.82904,11.34058
blaCARB-2_1_M69058,2.38818,2.99873,0.0,7.93909,7.75261,3.36055,7.00886,0.0
blaCMY-93_1_KF992025,0.0,0.0,0.0,20.62473,0.0,0.0,0.0,0.0
blaCMY-94_1_JX514368,0.0,0.0,10.94796,3.49635,16.58032,5.77191,10.56852,0.0
blaCTX-M-60_1_AM411407,182.31766,2.67083,0.0,32.92303,0.0,3.80074,5.42822,0.0
blaCTX-M-83_1_FJ214366,13.67513,0.0,2.2676,16.46308,6.71371,0.0,10.85748,0.0
blaDES-1_1_AF426161,0.0,0.0,0.0,0.0,0.0,0.0,1.03875,0.0
blaEBR-1_1_AF416700,0.0,0.0,0.0,0.0,0.0,0.0,0.0,59.99243
blaFOX-5_1_AY007369,0.0,0.0,7.39566,19.17625,25.91822,52.68766,41.73452,55.69844
blaIMP-13_1_AJ550807,39.08814,40.083,2.77781,257.82075,52.87058,33.17655,292.60959,0.0
blaIMP-6_1_AB753460,152.75347,8344.83416,90.35207,3540.85297,111.11812,540.86614,2743.77219,0.0
blaIMP-68_1_MF669572,0.0,0.0,0.0,8.96519,0.0,0.0,0.0,0.0
blaKPC-28_1_KY282958,0.0,0.0,0.0,0.0,0.0,43.62886,0.0,0.0
blaLCR-1_1_X56809,0.0,0.0,0.0,0.0,2.2653,0.47252,0.0,0.0
blaLEN7_1_AJ635425,10.91318,0.0,0.0,0.0,0.0,3.59704,0.0,0.0
blaMOX-4_1_FJ262599,1.67333,5.77002,0.0,0.28527,0.48749,0.0,0.84312,16.40199
blaOKP-B-8_1_AM051157,0.0,0.0,0.0,0.0,0.0,1.18653,3.08109,0.0
blaOXA-18_1_U85514,0.0,15.49056,0.0,0.0,0.0,6.70255,8.50897,0.0
blaOXA-198_1_HQ634775,106.97053,4.61326,0.0,5.90828,4.25951,0.0,2.67887,0.0
blaOXA-209_1_JF268688,0.0,0.0,1.38227,0.0,0.0,0.0,15.31847,0.0
blaOXA-210_1_JF795487,231.74254,359.77401,49.6226,186.25233,160.23349,94.24912,581.2201,12.94298
blaOXA-233_1_KJ657570,356.90019,196.21192,37.05201,75.05037,55.48289,247.37532,176.69224,11.29885
blaOXA-275_1_APPJ01000001,0.0,0.0,0.0,4.43399,0.0,1.91332,2.34223,14.38689
blaOXA-285_1_APRY01000059,0.0,0.0,4.84388,0.0,0.0,0.0,0.0,1.94034
blaOXA-296_1_APOH01000009,0.0,20.77895,62.38595,0.51114,1.31024,0.595,8.18877,16.74021
blaOXA-299_1_APQD01000016,0.0,1.87043,0.48519,0.0,0.0,0.0,2.11194,0.0
blaOXA-334_1_KF203108,86.55822,488.30516,448.24214,409.78822,278.44336,350.13284,487.7882,235.88505
blaOXA-347_1_JN086160,7.76831,4.98971,2.80913,3.57569,3.28155,4.3725,34.42654,0.0
blaOXA-37_1_AY007784,5.6623,0.0,0.0,0.0,0.0,4.15709,1.53926,1.42594
blaOXA-427_1_KX827604,10.23185,11.99117,0.0,10.58213,10.33356,37.11444,20.10606,65.68406
blaOXA-437_1_KP410856,0.0,46.15769,0.26657,11.56788,79.48649,404.72246,27.12236,0.0
blaOXA-444_1_CP010800,0.0,0.0,0.0,0.84799,0.0,0.0,0.0,0.0
blaOXA-45_1_AJ519683,0.0,0.0,12.58597,2.93185,0.0,0.0,0.0,0.0
blaOXA-46_1_AF317511,0.67701,0.0,2.29627,2.72802,0.0,0.0,0.0,1.38138
blaOXA-47_1_AY237830,19.99246,1.92933,8.4108,14.068,22.69263,27.77083,63.95784,0.68723
blaOXA-486_1_AY597426,0.0,0.0,0.0,0.0,0.0,0.0,4.01831,0.0
blaOXA-490_1_KU721147,0.0,0.0,0.0,0.0,0.0,0.0,0.98238,5.66778
blaOXA-5_1_AF347074,4.6601,1.67075,0.0,23.59989,0.46445,0.69026,2.19074,2.75244
blaOXA-552_1_KY682754,0.0,0.0,0.0,0.0,0.0,0.0,0.0,8.37443
blaOXA-58_1_AY665723,1147.38412,2331.53401,195.32032,2250.98072,2650.79821,2285.38912,3215.57473,118.12978
blaOXA-9_1_KQ089875,3.46586,0.0,0.0,0.0,0.0,1.79385,0.0,0.0
blaOXY-3-1_1_AF491278,0.0,0.0,0.0,0.0,0.0,0.0,0.0,0.0
blaOXY-6-4_4_AJ871877,11.16202,0.0,9.25439,85.66487,0.0,16.8702,14.40104,0.0
blaPAO_2_FJ666065,0.0,0.0,0.0,0.0,0.0,0.0,9.2936,0.0
blaPER-7_1_HQ713678,0.0,0.0,0.0,0.0,0.0,11.02797,0.0,0.0
blaPLA-4A_1_AY507664,0.0,0.0,0.0,0.0,0.0,0.0,0.0,0.0
blaRAHN-1_1_GU645205,0.0,0.0,0.0,0.0,0.0,0.0,0.0,0.96468
blaSGM-5_1_NG049987,0.0,0.0,0.0,0.0,0.0,1.17858,0.0,0.0
blaSGM-6_1_NG049988,5.92994,2.12021,0.0,2.15321,0.0,0.0,2.15457,0.0
blaSHV-129_1_GU827715,105.52083,1.05625,0.5551,3.84689,2.11305,9.01859,31.84311,0.0
blaSST-1_1_AB008455,0.0,0.0,0.0,10.89047,0.0,0.0,0.0,0.0
blaTEM-4_1_LK391770,185.48938,27.23164,42.39038,674.2261,356.23829,119.31872,136.77908,11.19482
blaTER-2_1_FJ263090,0.0,0.0,0.0,0.0,0.0,0.0,0.0,0.0
blaVEB-1_1_HM370393,0.0,0.0,0.0,0.0,0.0,10.68834,24.16974,0.0
blaVIM-42_1_KP071470,297.29205,121.94347,42.43807,63.02172,93.82729,146.31697,167.79185,18.09287
cat_2_M35190,7.34744,3.19432,1.29695,0.0,0.89764,16.45348,1.76418,0.572
cat(pC194)_1_NC_002013,0.0,0.0,0.28254,0.0,0.0,0.0,0.0,0.0
cat(pC233)_1_AY355285,0.0,0.0,0.0,0.0,2.80927,0.35685,0.0,0.0
catA1_1_V00622,14.86437,0.0,0.6131,1.71059,1.06084,2.31238,1.86811,0.0
catA2_1_X53796,12.5167,0.0,0.0,0.0,0.0,0.0,0.0,0.0
catB1_1_M58472,0.0,0.0,0.0,0.0,0.0,0.0,0.0,0.0
catB2_1_AF047479,0.0,0.0,0.0,0.0,0.58992,0.29224,0.0,0.0
catB3_2_U13880,4.12771,2.66973,0.17434,1.84109,1.69601,3.43387,14.46929,0.33832
catB9_1_AF462019,0.0,0.0,0.0,0.0,0.0,0.0,0.0,0.33993
catP_1_U15027,0.0,0.0,0.0,0.0,0.0,0.88938,3.8812,0.0
catQ_1_M55620,3.95885,0.0,0.0,0.0,0.0,0.0,0.0,0.0
catS_1_X74948,5.21045,1.76145,1.27107,0.37011,0.75898,3.57197,1.611,0.0
cepA_6_FR688022,8.78973,0.0,0.0,0.0,0.0,0.30729,0.0,0.0
cfr(C)_2_CANB01000378,92.32861,33.39631,13.32525,0.0,30.21875,126.89133,44.11879,7.70253
cfxA4_1_AY769933,15.36126,28.52895,6.05487,2.03585,12.51489,25.03882,6.83757,0.77593
cfxA6_1_GQ342996,24.94644,29.19235,8.64254,1.97453,3.98349,36.35731,6.27793,1.11093
cmlA1_1_M64556,0.0,0.0,0.0,0.0,3.88976,0.33034,0.0,0.0
cmlB1_1_AM296481,42.28959,91.38679,11.82621,25.05606,197.73276,57.82778,68.83347,0.78942
cmx_1_U85507,0.7965,0.40531,1.15739,2.1678,0.0,0.0,13.9291,0.0
cphA1_4_AY261376,0.0,0.0,0.0,0.0,0.0,1.69272,1.15121,1.58635
cphA6_1_AY227052,0.0,0.0,0.0,0.0,0.0,1.26954,1.09365,1.25975
dfrA1_5_EU089668,2.39214,40.31495,1.0089,55.7042,0.0,4.19546,15.23537,0.2259
dfrA10_1_L06418,0.0,0.0,0.91313,0.0,0.0,0.0,0.0,0.0
dfrA12_1_FJ763641,0.0,0.0,0.2216,0.80444,0.0,0.0,0.0,0.0
dfrA14_2_Z50805,3.52283,0.0,0.0,0.68888,0.0,0.5832,0.0,0.60013
dfrA16_3_AY878718,16.64099,0.27425,0.0,0.30733,0.3939,0.68298,3.43725,0.0
dfrA17_8_AM932673,13.72881,0.27425,0.0,0.6915,3.44663,0.48784,0.0,0.30121
dfrA26_1_AM403715,0.0,0.0,0.0,0.0,0.0,0.0,0.0,0.0
dfrA28_2_FM877476,0.0,0.0,0.0,0.0,0.0,2.14651,0.0,0.0
dfrA5_2_FJ001870,1.6641,2.28543,0.62086,0.30733,34.17084,2.53679,14.67798,0.0
dfrA7_2_AJ884724,0.31202,0.0,0.0,0.0,0.0,0.0,0.0,0.0
dfrA7_5_AJ419170,3.54606,4.94134,0.0,5.04755,4.09449,0.0,4.09438,1.315
dfrB1_1_U36276,0.0,3.06933,0.0,0.0,0.0,0.0,0.0,0.0
dfrB2_1_J01773,0.0,0.0,0.0,0.0,0.0,0.0,0.0,0.30121
dfrB3_2_FM877478,0.0,0.0,0.0,0.0,0.0,0.0,0.0,0.45181
dfrG_1_AB205645,0.0,1.56621,0.44321,0.0,9.84157,2.41453,0.61895,0.0
ere(A)_5_FN396877,30.58136,14.05638,8.28437,5.41844,1.21437,3.64717,17.00498,3.07598
ere(D)_1_KP265721,6.79015,4.97944,2.69825,20.95504,3.38571,6.52065,59.32201,12.01402
erm(A)_1_X03216,4.44498,0.0,0.0,1.7911,0.0,0.0,0.0,0.0
erm(A)_2_AF002716,0.0,0.0,0.0,0.0,0.0,0.0,1.44374,0.0
erm(B)_9_AF299292,121.08273,94.83569,126.13263,151.44252,48.05188,258.66673,156.33775,115.4404
erm(F)_1_M14730,284.71511,281.08812,73.29685,84.29571,74.12405,155.89083,842.41715,10.96189
erm(G)_2_L42817,2.41464,11.67303,1.50148,0.0,1.90519,22.65189,2.87569,0.0
erm(T)_3_AF310974,0.0,0.0,0.0,0.0,29.72097,0.0,7.90814,1.45686
erm(X)_1_M36726,0.0,0.0,0.0,18.65676,2.62047,0.0,0.0,0.0
erm(X)_3_U21300,0.0,0.0,0.0,38.42637,12.86379,0.0,0.0,0.0
floR_2_AF118107,34.97586,14.83621,16.95496,21.4018,17.97935,74.68133,30.5157,1.35134
fosA_1_M85195,0.0,0.0,0.43176,1.28236,2.08185,0.0,1.86059,2.34602
fosA_2_AGDM01000012,0.0,0.0,0.0,0.0,0.0,1.21125,0.62906,0.0
fosA_4_ACWU01000146,0.0,0.95585,0.0,0.0,0.0,0.0,0.0,0.0
fosA_6_ACZD01000244,23.33124,0.71775,0.95752,2.67153,0.0,2.29815,12.08693,2.28043
fosA7_1_LAPJ01000014,5.47766,0.0,0.0,0.86097,0.0,0.0,0.0,0.0
fosE_1_AB901041,0.0,0.85594,0.0,0.0,1.61353,0.0,0.0,0.0
fosE_2_AY029772,0.0,0.0,0.0,0.0,0.52299,0.0,0.0,0.0
imiS_1_Y10415,0.0,0.0,0.67268,0.0,0.0,0.8457,2.47317,1.39863
lnu(B)_1_AJ238249,5.27327,0.0,0.0,0.0,3.13503,1.03539,0.0,5.06094
lnu(C)_1_AY928180,4.08334,6.30279,0.59452,1.10361,0.75438,9.34295,2.57977,0.57686
lnu(G)_1_KX470419,0.0,0.0,0.0,0.0,0.34834,0.0,0.0,1.64259
lsa(A)_3_AY737526,0.0,0.0,0.0,0.0,3.89756,0.0,0.0,0.0
lsa(E)_1_JX560992,31.87001,0.0,0.0,0.0,9.61833,3.92404,0.0,17.73833
mcr-3.11_1_MG489958,0.0,0.0,0.0,0.0,0.0,0.0,0.0,0.7249
mcr-3.17_1_MH332767,0.0,0.0,0.0,0.0,0.0,0.0,0.0,0.8137
mcr-4.1_1_MF543359,0.57606,0.0,0.0,0.0,0.94732,0.0,0.0,4.41223
mcr-5.2_1_MG384740,0.87042,0.0,0.0,0.0,0.0,0.0,0.0,0.0
mcr-9_1_NZ_NAAN01000063.1,1.67373,0.0,0.0,0.85427,0.31694,0.0,0.57081,0.44065
mdf(A)_1_Y08743,145.61773,14.97105,8.5924,16.30438,129.46953,35.55777,52.06933,0.0
mef(A)_1_AJ971089,25.49944,33.2281,8.03377,0.0,1.07304,13.06172,2.81991,56.9681
mef(B)_1_FJ196385,10.18043,0.0,0.0,0.0,0.0,0.0,0.0,0.0
mef(C)_1_AB571865,7.45123,21.87827,12.29212,32.90804,3.0508,5.21419,49.89794,6.24044
mph(A)_1_D16251,89.02101,2.29572,6.98369,8.3611,20.40194,24.29786,34.21622,4.09721
mph(A)_2_U36578,2.99755,0.0,0.0,0.0,0.0,0.0,0.0,0.0
mph(E)_1_DQ839391,97.48374,668.92414,39.52958,252.0114,319.72544,393.49663,574.43149,265.13631
mph(F)_1_AM260957,0.0,0.0,1.18533,0.0,0.0,0.0,0.0,0.0
mph(G)_1_AB571865,6.57319,20.41732,10.51628,29.34098,1.89873,4.49412,50.15391,6.65462
msr(C)_2_AF313494,1.83329,0.0,0.0,29.17954,52.23172,2.34521,5.50796,0.0
msr(D)_3_AF227520,32.93329,34.62985,19.44844,0.0,9.56499,37.5288,7.76008,180.51284
msr(E)_1_FR751518,652.64288,4246.86017,261.19198,1759.01904,1986.94219,2736.78705,3407.26054,1397.12855
nimA_1_X71444,0.0,0.0,0.0,1.50889,0.0,2.09029,0.0,0.0
nimE_1_AM042593,0.0,0.0,0.0,0.0,0.0,0.0,0.0,0.23982
oqxA_1_EU370913,31.85985,1.47387,2.12709,6.0079,3.2547,4.64049,11.68247,2.73161
oqxB_1_EU370913,69.10917,28.69541,24.17412,39.96505,33.10186,24.34857,38.46162,28.25553
poxtA_1_MF095097,0.0,0.0,0.0,22.35667,28.22407,19.58923,0.0,24.7594
qepA_1_FJ167861,0.0,4.48551,0.0,0.0,0.0,0.0,0.0,0.0
qnrA6_1_DQ151889,1.42569,0.0,0.0,0.44346,0.0,0.35196,1.27343,0.0
qnrB43_1_JQ349151,0.0,0.0,0.0,1.41177,0.0,1.21908,0.40967,0.0
qnrB60_1_AB734055,0.0,0.0,0.22813,0.0,0.0,0.0,0.0,0.0
qnrS5_1_HQ631377,0.0,0.0,0.0,0.0,0.0,0.0,0.0,0.97806
qnrVC1_1_EU436855,0.37518,0.32977,0.0,0.0,0.0,0.0,0.0,0.0
str_2_FN435330,0.46454,0.0,0.17332,0.0,0.0,0.0,0.67425,1.34532
sul1_38_BX248359,157.46302,952.21802,27.75928,408.51686,106.16778,234.41568,384.53112,11.73083
sul2_12_AF497970,56.07602,112.91549,9.89021,137.47959,49.68677,74.26624,103.87082,3.77772
tet(32)_1_EU722333,20.72095,13.20263,2.64401,2.21928,2.91732,31.93976,26.97079,2.50966
tet(33)_1_AY255627,0.0,0.0,1.86335,0.0,0.0,0.0,1.87072,0.0
tet(36)_1_AJ514254,0.0,0.0,1.20516,0.0,0.0,0.0,0.0,0.0
tet(39)_1_KT346360,71.35601,133.70267,33.76986,545.31157,78.71052,326.12398,712.15679,362.91041
tet(40)_2_AM419751,40.05285,11.92421,8.61659,9.18678,17.12643,108.78226,21.49405,1.22777
tet(42)_1_EU523697,3.29426,6.19505,0.0,35.59839,6.09306,0.0,13.13833,0.0
tet(44)_2_FN594949,6.22966,3.17721,0.0,0.0,0.0,3.89605,3.84696,0.0
tet(A)_3_AY196695,26.5096,15.7245,4.12612,38.86698,12.24193,27.53878,27.01959,19.5465
tet(B)_1_AP000342,4.41483,4.09603,0.0,5.25449,0.0,7.93802,7.88668,0.0
tet(C)_2_AY046276,56.19911,7.45335,22.08413,27.20679,5.90352,9.04675,13.81166,15.46896
tet(D)_1_AF467077,0.0,1.46267,0.0,0.0,0.0,0.78055,1.1891,0.0
tet(E)_1_Y19116,0.0,0.0,0.0,0.0,0.0,0.764,1.16389,6.54502
tet(G)_2_AF133140,32.97755,15.15506,21.04745,24.79461,12.67971,14.52599,30.95085,2.90877
tet(H)_2_AJ245947,3.70669,0.5068,0.0,0.0,0.0,2.00909,0.0,1.55057
tet(L)_7_X60828,0.0,0.0,0.0,0.52896,18.77934,14.97926,0.0,0.0
tet(M)_9_X56353,34.25904,4.80443,29.46999,5.91479,61.52119,45.06627,11.82752,12.0954
tet(O)_3_Y07780,73.71729,49.62835,21.78433,17.46975,45.94784,217.00247,55.59285,6.1905
tet(O/32/O)_2_AJ295238,8.55028,5.95811,0.57478,1.99167,0.0,10.76702,0.0,0.0
tet(O/W/32/O)_5_JQ740053,31.50509,21.39503,8.21942,4.60928,1.16693,69.15463,20.57211,1.28272
tet(Q)_2_X58717,197.34849,146.33057,52.16485,21.73006,43.54848,141.69939,51.25066,6.41671
tet(S/M)_2_AY534326,1.45447,0.0,0.0,20.0757,2.10192,0.0,1.50427,1.10848
tet(W)_3_AJ427421,379.47901,184.95548,66.02108,49.73701,56.19076,990.86006,209.12869,17.55734
tet(X)_1_GU014535,85.84011,251.74723,34.67422,160.78047,31.3581,116.35218,268.6561,14.19155
tet(X)_3_AB097942,0.0,0.0,1.03532,0.0,4.92635,0.0,0.0,0.0
VanG2XY_1_FJ872410,0.68055,0.0,0.0,0.0,0.0,0.0,0.72944,0.0
VanHAX_2_M97297,0.0,1.69537,0.02822,19.30613,58.11818,6.56372,6.18198,0.0
VanHBX_1_AF192329,0.43493,0.0,0.0,0.0,0.0,5.00262,1.31747,0.0
vat(F)_1_AF170730,0.0,0.0,0.0,0.0,0.0,0.0,0.0,2.73325
